{
  "hash": "1250a5ec",
  "configHash": "8cd6547a",
  "lockfileHash": "8b9ba444",
  "browserHash": "9e452e5e",
  "optimized": {
    "@angular/common": {
      "src": "../../../../../../node_modules/@angular/common/fesm2022/common.mjs",
      "file": "@angular_common.js",
      "fileHash": "a4c03798",
      "needsInterop": false
    },
    "@angular/common/http": {
      "src": "../../../../../../node_modules/@angular/common/fesm2022/http.mjs",
      "file": "@angular_common_http.js",
      "fileHash": "463afd0b",
      "needsInterop": false
    },
    "@angular/core": {
      "src": "../../../../../../node_modules/@angular/core/fesm2022/core.mjs",
      "file": "@angular_core.js",
      "fileHash": "39e85e9d",
      "needsInterop": false
    },
    "@angular/forms": {
      "src": "../../../../../../node_modules/@angular/forms/fesm2022/forms.mjs",
      "file": "@angular_forms.js",
      "fileHash": "709574dd",
      "needsInterop": false
    },
    "@angular/platform-browser": {
      "src": "../../../../../../node_modules/@angular/platform-browser/fesm2022/platform-browser.mjs",
      "file": "@angular_platform-browser.js",
      "fileHash": "38d8c716",
      "needsInterop": false
    },
    "@angular/router": {
      "src": "../../../../../../node_modules/@angular/router/fesm2022/router.mjs",
      "file": "@angular_router.js",
      "fileHash": "eb129316",
      "needsInterop": false
    },
    "rxjs": {
      "src": "../../../../../../node_modules/rxjs/dist/esm5/index.js",
      "file": "rxjs.js",
      "fileHash": "35a12644",
      "needsInterop": false
    },
    "rxjs/operators": {
      "src": "../../../../../../node_modules/rxjs/dist/esm5/operators/index.js",
      "file": "rxjs_operators.js",
      "fileHash": "f5e32c9a",
      "needsInterop": false
    },
    "tslib": {
      "src": "../../../../../../node_modules/tslib/tslib.es6.mjs",
      "file": "tslib.js",
      "fileHash": "4571263c",
      "needsInterop": false
    }
  },
  "chunks": {
    "chunk-RFRXJCG7": {
      "file": "chunk-RFRXJCG7.js"
    },
    "chunk-5JFIDE6T": {
      "file": "chunk-5JFIDE6T.js"
    },
    "chunk-XAW3DUUU": {
      "file": "chunk-XAW3DUUU.js"
    },
    "chunk-5KIE2M2U": {
      "file": "chunk-5KIE2M2U.js"
    },
    "chunk-6NWDL53W": {
      "file": "chunk-6NWDL53W.js"
    },
    "chunk-VWWWCGBE": {
      "file": "chunk-VWWWCGBE.js"
    },
    "chunk-35WDS66D": {
      "file": "chunk-35WDS66D.js"
    },
    "chunk-QYZCK3CB": {
      "file": "chunk-QYZCK3CB.js"
    },
    "chunk-EPAV4CNQ": {
      "file": "chunk-EPAV4CNQ.js"
    }
  }
}