{
  "hash": "450b0fe2",
  "configHash": "1df88418",
  "lockfileHash": "a338807c",
  "browserHash": "590d94bb",
  "optimized": {
    "@angular/core": {
      "src": "../../../../../../node_modules/@angular/core/fesm2022/core.mjs",
      "file": "@angular_core.js",
      "fileHash": "bfea4398",
      "needsInterop": false
    },
    "@angular/platform-browser": {
      "src": "../../../../../../node_modules/@angular/platform-browser/fesm2022/platform-browser.mjs",
      "file": "@angular_platform-browser.js",
      "fileHash": "0079c82d",
      "needsInterop": false
    },
    "@angular/router": {
      "src": "../../../../../../node_modules/@angular/router/fesm2022/router.mjs",
      "file": "@angular_router.js",
      "fileHash": "e01a68a5",
      "needsInterop": false
    },
    "@angular/common/http": {
      "src": "../../../../../../node_modules/@angular/common/fesm2022/http.mjs",
      "file": "@angular_common_http.js",
      "fileHash": "2ce61005",
      "needsInterop": false
    },
    "@angular/forms": {
      "src": "../../../../../../node_modules/@angular/forms/fesm2022/forms.mjs",
      "file": "@angular_forms.js",
      "fileHash": "e8c56f0c",
      "needsInterop": false
    },
    "rxjs": {
      "src": "../../../../../../node_modules/rxjs/dist/esm5/index.js",
      "file": "rxjs.js",
      "fileHash": "b419f29c",
      "needsInterop": false
    },
    "@angular/common": {
      "src": "../../../../../../node_modules/@angular/common/fesm2022/common.mjs",
      "file": "@angular_common.js",
      "fileHash": "dcc6c5b5",
      "needsInterop": false
    },
    "tslib": {
      "src": "../../../../../../node_modules/tslib/tslib.es6.mjs",
      "file": "tslib.js",
      "fileHash": "eb961efe",
      "needsInterop": false
    }
  },
  "chunks": {
    "chunk-7ZCAW7RF": {
      "file": "chunk-7ZCAW7RF.js"
    },
    "chunk-43UVDROC": {
      "file": "chunk-43UVDROC.js"
    },
    "chunk-LNUJJAUT": {
      "file": "chunk-LNUJJAUT.js"
    },
    "chunk-CTQKHBRI": {
      "file": "chunk-CTQKHBRI.js"
    },
    "chunk-IVATOIXQ": {
      "file": "chunk-IVATOIXQ.js"
    },
    "chunk-6CHVVP4N": {
      "file": "chunk-6CHVVP4N.js"
    },
    "chunk-EPAV4CNQ": {
      "file": "chunk-EPAV4CNQ.js"
    }
  }
}